nombre_original;nombre_amigable;Categoria;Cantidad;Unidad;Material;SCH / Espesor;Rating;Mantenimiento;Observaciones;Ficha técnica;Manual;Imagen
Solid1_143;"TUBO 4""";Tubería;;;Acero,Carbono;;;;SCH. STD. API 5L Gr. B;;;
Solid3_34;"FLANCHE SO 4""";Accesorios soldados;;;Génerico;;;;ASTM-A-105-GR-II;;;
Solid2_348;"ESPARRÁGO BRIDA 4""";Tornillería;;;Génerico;;;;"ASTM A193 GR.B7-CC/7-2H ,  ESPARRAGO 3/4"" x 5.25 in Long";;;Activos\Imagenes\Esparrágo\ESP01.png
Solid2_17;"VÁLVULA DE BOLA 2 CUERPOS 4""";Equipos;;;Génerico;;;; RF - ANSI 300;;;Activos/Imagenes/Valvulas/Valvulabola.png
Solid3_35;"FLANCHE SO 4""";Accesorios soldados;;;Génerico;;;;ASTM-A-105-GR-II;;;
Solid2_340;"ESPARRÁGO BRIDA 4""";Tornillería;;;Génerico;;;;"ASTM A193 GR.B7-CC/7-2H ,  ESPARRAGO 3/4"" x 5.25 in Long";;;Activos\Imagenes\Esparrágo\ESP01.png
Solid7_6;"TEE RECTA 4""";Accesorios soldados;;;Acero,Carbono;;;;SCH STD ASTM 234;;;
Solid3_350;"BRIDA WN 4""";Accesorios soldados;;;Acero,Carbono;;;;" ASTM-A-694-F-81 , BRIDA WN SCH STD ANSI 300 x 4""";;;
Solid2_321;"ESPARRÁGO BRIDA 4""";Tornillería;;;Génerico;;;;ASTM A193 GR.B7-CC/7-2H;;;Activos\Imagenes\Esparrágo\ESP01.png
Solid2_24;"VÁLVULA DE BOLA 2 CUERPOS 4""";Equipos;;;Génerico;;;; RF - ANSI 300;;;Activos/Imagenes/Valvulas/Valvulabola.png
Solid3_338;"BRIDA WN 4""";Accesorios soldados;;;Acero,Carbono;;;;"ASTM-A-694-F-81, BRIDA WN SCH STD ANSI 300 x 4""";;;
Solid1_491;"TUBO 4""";Tubería;;;Acero,Carbono;;;; SCH. STD. API 5L Gr. B;;;
Solid1_5;"CODO 4""-90°";Accesorios soldados;;;Acero,Carbono;;;; RL. SCH. STD. ASTM A860 WPHY 52;;;Activos\Imagenes\Codos\CODO-02.png
Solid1_152;"TUBO 4""";Tubería;;;Acero,Carbono;;;;SCH. STD. API 5L Gr. B;;;
Solid1_149;"TUBO 4""";Tubería;;;Acero,Carbono;;;;SCH. STD. API 5L Gr. B;;;
Solid3_331;"BRIDA WN 4""";Accesorios soldados;;;Acero,Carbono;;;;"ASTM-A-694-F-81, BRIDA WN SCH STD ANSI 300 x 4""";;;
Solid2_23;"VÁLVULA DE BOLA 2 CUERPOS 4""";Equipos;;;Génerico;;;;RF - ANSI 300;;;Activos/Imagenes/Valvulas/Valvulabola.png
484D215-1-solid1;MANÓMETRO 0-1200 psig;MAN/ACC;;;316;;;;"4.5""  DISPLAY, TOMA 1/2 NPT POR DEBAJO";;;Activos\Imagenes\Manómetros\PI01.png
EXPY45DialEtch-1-solid1_5;MANÓMETRO 0-1200 psig;MAN/ACC;;;316;;;;"4.5""  DISPLAY, TOMA 1/2 NPT POR DEBAJO";;;Activos\Imagenes\Manómetros\PI01.png
302C209-1-solid1;MANÓMETRO 0-1200 psig;MAN/ACC;;;316;;;;"4.5""  DISPLAY, TOMA 1/2 NPT POR DEBAJO";;;Activos\Imagenes\Manómetros\PI01.png
Solid1_660;"VÁLVULA DE AGUJA 1/2""";Accesorios soldados;;;Génerico;;;; #3000 CON DRENAJE SS 316;;;
Solid1_643;"NIPLE ROSCADO 1/2""-2""";Accesorios roscados;;;Génerico;;;;" MNPT API 5L Gr.B , NIPLE 1/2"" x 2"" Long x 2"" Long - Sch.STD";;;Activos\Imagenes\Esparrágo\Niple01.png
Solid1_154;"TUBO 4""";Tubería;;;Acero,Carbono;;;; SCH. STD. API 5L Gr. B;;;
Solid1_4;"CODO 4""-90°";Accesorios soldados;;;Acero,Carbono;;;;RL. SCH. STD. ASTM A860 WPHY 52;;;Activos\Imagenes\Codos\CODO-02.png
Solid1_148;"TUBO 4""";Tubería;;;Acero,Carbono;;;;SCH. STD. API 5L Gr. B;;;
Solid1_645;"HALF COUPLING 3/4""";Accesorios roscados;;;Génerico;;;;FNNP #3000 ASTM A105 Gr.II ASME B16.12;;;Activos\Imagenes\Half coupling\Half01.png
Solid2_7;"NIPLE ROSCADO 3/4""-2""";Accesorios roscados;;;Génerico;;;;" MNPT API 5L Gr.B,  NIPLE 3/4"" x 2"" Long x 2"" Long - Sch.STD";;;Activos\Imagenes\Esparrágo\Niple01.png
����������6_14;"VÁLVULA DE BOLA 3/4""";Equipos;;;Génerico;;;;#3000, FNPT- FNPT, ASTM A105;;;
�����3_9;"VÁLVULA DE BOLA 3/4""";Equipos;;;Génerico;;;;#3000, FNPT- FNPT, ASTM A106;;;
Solid1_123;"TAPÓN 1/2"" ";Tornillería;;;Acero, forjado;;;;Cabeza hexagonal, #3000 NPT ASTM A105, SEGÚN ASME B16.11;;;Activos\Imagenes\Esparrágo\TAPON01.png
Solid7_5;"TEE RECTA 4""";Accesorios soldados;;;Acero,Carbono;;;;SCH STD ASTM 234;;;
Solid3_331;"BRIDA WN 4""";Accesorios soldados;;;Acero,Carbono;;;;"ASTM-A-694-F-81, BRIDA WN SCH STD ANSI 300 x 4""";;;
Solid2_22;"VÁLVULA DE BOLA 2 CUERPOS 4"" ";Equipos;;;Génerico;;;;RF - ANSI 300;;;Activos/Imagenes/Valvulas/Valvulabola.png
Solid1_464;"TUBO 4""";Tubería;;;Acero,Carbono;;;; SCH. STD. API 5L Gr. B;;;
Sólido1_13;"BASE FILTRO 10 """;Equipos;;;Génerico;;;;;;;Activos\Imagenes\Filtros\FLT01.png
Solid1_467;"TUBO ROSCADO 2""";Tubería;;;Acero,Carbono;;;;;;;
Solid1_468;"CODO 2""";Accesorios soldados;;;Acero;;;;#3000, DIMENSIONES SEGÚN ASME B16.11;;;Activos\Imagenes\Codos\CODO-02.png
Solid1_469;"TUBO 2""";Tubería;;;Acero,Carbono;;;;2 MNPT, API 5L Gr. B, Sch. Std;;;
Srf1_3;VÁLVULA DE COMPUERTA 2;;;;Génerico;;;;;;;
Solid1_470;"TUBO 2""";Tubería;;;Acero,Carbono;;;;2 MNPT, API 5L Gr. B, Sch. Std;;;
Solid1_471;"UNIÓN UNIVERSAL 2""";Accesorios roscados;;;Acero inoxidable;;;;FTH 3000# FS NPT, ASTM A-105, DIMENSIONES SEGÚN ASME;;;
Solid1_472;"TUBO 2""";Tubería;;;Acero,Carbono;;;;1 MNPT, API 5L Gr. B, Sch. Std;;;
Solid1_473;"CODO 2""-90°";Accesorios soldados;;;Acero,Carbono;;;;RL. SCH. STD. ASTM A860 WPHY 52;;;Activos\Imagenes\Codos\CODO-02.png
Solid1_474;"TUBERÍA 2""";Tubería;;;Acero,Carbono;;;;;;;
Solid1_445;"CAP 10""";Accesorios soldados;;;Génerico;;;;;;;
Solid1_446;"TUBO 10""";Tubería;;;Acero,Carbono;;;; SCH. STD. API 5L Gr. B;;;
Solid3_353;"BRIDA WN 10""";Accesorios soldados;;;Acero,Carbono;;;;"ASTM-A-694-F-105, BRIDA WN SCH STD ANSI 600 x 10""";;;
Solid3_301;"BRIDA CIEGA 10""";Accesorios soldados;;;Génerico;;;;"ASTM-A-105-GR-II , BRIDA CIEGA ANSI 600 x 10""";;;
Solid3_369;"ESPARRÁGO BRIDA 10""";Tornillería;;;Génerico;;;; ASTM A193 GR.B7-CC/7-2H;;;Activos\Imagenes\Esparrágo\ESP01.png
Solid2_350;"ESPARRÁGO BRIDA 10""";Tornillería;;;Génerico;;;; ASTM A193 GR.B7-CC/7-2H;;;Activos\Imagenes\Esparrágo\ESP01.png
Solid1_465;"TUBO 4""";Tubería;;;Acero,Carbono;;;;SCH. STD. API 5L Gr. B;;;
Solid1_490;"TUBO 4""";Tubería;;;Acero,Carbono;;;;SCH. STD. API 5L Gr. B;;;
Solid3_324;"BRIDA CIEGA 8""";Accesorios soldados;;;Génerico;;;;"ASTM-A-105-GR-II , BRIDA CIEGA ANSI 600 x 8""";;;
Solid3_355;"BRIDA WN 8""";Accesorios soldados;;;Acero,Carbono;;;;"ASTM-A-694-F-104,  BRIDA WN SCH STD ANSI 600 x 8""";;;
Solid2_360;"ESPARRÁGO BRIDA 8""";Tornillería;;;Génerico;;;;"ASTM A193 GR.B7-CC/7-2H, ESPARRAGO 1 1/8"" x 8 in Long";;;Activos\Imagenes\Esparrágo\ESP01.png
Solid3_377;"ESPARRÁGO BRIDA 8""";Tornillería;;;Génerico;;;;"ASTM A193 GR.B7-CC/7-2H, ESPARRAGO 1 1/8"" x 8 in Long";;;Activos\Imagenes\Esparrágo\ESP01.png
Solid1_476;"TUBO 8""";Tubería;;;Acero,Carbono;;;;SCH. STD. API 5L Gr. B;;;
Solid1_475;"TUBO 8""";Tubería;;;Acero,Carbono;;;;SCH. STD. API 5L Gr. B;;;
Sólido1_35;"BASE FILTRO 8""";Equipos;;;Génerico;;;;;;;Activos\Imagenes\Filtros\FLT04.png
Sólido1_34;"BASE FILTRO 8""";Equipos;;;Génerico;;;;;;;Activos\Imagenes\Filtros\FLT04.png
Solid1_519;"TAPÓN DE CABEZA HEXAGONAL 1""";Tornillería;;;Acero;;;;#3000 NPT ASTM A105, SEGÚN ASME B16.11;;;Activos\Imagenes\Esparrágo\TAPON01.png
Solid1_520;"TAPÓN DE CABEZA HEXAGONAL 1""";Tornillería;;;Acero;;;;#3000 NPT ASTM A105, SEGÚN ASME B16.11;;;Activos\Imagenes\Esparrágo\TAPON01.png
Solid1_517;"TAPÓN DE CABEZA HEXAGONAL 1""";Tornillería;;;Acero;;;;#3000 NPT ASTM A105, SEGÚN ASME B16.11;;;Activos\Imagenes\Esparrágo\TAPON01.png
Solid1_518;"TAPÓN DE CABEZA HEXAGONAL 1""";Tornillería;;;Acero;;;;#3000 NPT ASTM A105, SEGÚN ASME B16.11;;;Activos\Imagenes\Esparrágo\TAPON01.png
Solid1_516;"TAPÓN DE CABEZA HEXAGONAL 1""";Tornillería;;;Acero;;;;#3000 NPT ASTM A105, SEGÚN ASME B16.11;;;Activos\Imagenes\Esparrágo\TAPON01.png
Solid1_521;"TAPÓN DE CABEZA HEXAGONAL 1""";Tornillería;;;Acero;;;;#3000 NPT ASTM A105, SEGÚN ASME B16.11;;;Activos\Imagenes\Esparrágo\TAPON01.png
Solid1_513;"TAPÓN DE CABEZA HEXAGONAL 1""";Tornillería;;;Acero;;;;#3000 NPT ASTM A105, SEGÚN ASME B16.11;;;Activos\Imagenes\Esparrágo\TAPON01.png
Solid1_515;"TAPÓN DE CABEZA HEXAGONAL 1""";Tornillería;;;Acero;;;;#3000 NPT ASTM A105, SEGÚN ASME B16.11;;;Activos\Imagenes\Esparrágo\TAPON01.png
Solid1_514;"TAPÓN DE CABEZA HEXAGONAL 1""";Tornillería;;;Acero;;;;#3000 NPT ASTM A105, SEGÚN ASME B16.11;;;Activos\Imagenes\Esparrágo\TAPON01.png
Solid1_511;"TAPÓN DE CABEZA HEXAGONAL 1""";Tornillería;;;Acero;;;;#3000 NPT ASTM A105, SEGÚN ASME B16.11;;;Activos\Imagenes\Esparrágo\TAPON01.png
Solid1_512;"TAPÓN DE CABEZA HEXAGONAL 1""";Tornillería;;;Acero;;;;#3000 NPT ASTM A105, SEGÚN ASME B16.11;;;Activos\Imagenes\Esparrágo\TAPON01.png
Solid1_492;"HALF COUPLING 1""";Accesorios roscados;;;Génerico;;;;#3000 NPT ASTM A105, SEGÚN ASME B16.11;;;Activos\Imagenes\Half coupling\Half01.png
Solid1_493;"HALF COUPLING 1""";Accesorios roscados;;;Génerico;;;;#3000 NPT ASTM A105, SEGÚN ASME B16.11;;;Activos\Imagenes\Half coupling\Half01.png
Solid1_494;"HALF COUPLING 1""";Accesorios roscados;;;Génerico;;;;#3000 NPT ASTM A105, SEGÚN ASME B16.11;;;Activos\Imagenes\Half coupling\Half01.png
Solid1_495;"HALF COUPLING 1""";Accesorios roscados;;;Génerico;;;;#3000 NPT ASTM A105, SEGÚN ASME B16.11;;;Activos\Imagenes\Half coupling\Half01.png
Solid1_496;"HALF COUPLING 1""";Accesorios roscados;;;Génerico;;;;#3000 NPT ASTM A105, SEGÚN ASME B16.11;;;Activos\Imagenes\Half coupling\Half01.png
Solid1_497;"HALF COUPLING 1""";Accesorios roscados;;;Génerico;;;;#3000 NPT ASTM A105, SEGÚN ASME B16.11;;;Activos\Imagenes\Half coupling\Half01.png
Solid1_498;"HALF COUPLING 1""";Accesorios roscados;;;Génerico;;;;#3000 NPT ASTM A105, SEGÚN ASME B16.11;;;Activos\Imagenes\Half coupling\Half01.png
Solid1_499;"HALF COUPLING 1""";Accesorios roscados;;;Génerico;;;;#3000 NPT ASTM A105, SEGÚN ASME B16.11;;;Activos\Imagenes\Half coupling\Half01.png
Solid1_500;"HALF COUPLING 1""";Accesorios roscados;;;Génerico;;;;#3000 NPT ASTM A105, SEGÚN ASME B16.11;;;Activos\Imagenes\Half coupling\Half01.png
Solid1_501;"HALF COUPLING 1""";Accesorios roscados;;;Génerico;;;;#3000 NPT ASTM A105, SEGÚN ASME B16.11;;;Activos\Imagenes\Half coupling\Half01.png
Solid1_502;"HALF COUPLING 1""";Accesorios roscados;;;Génerico;;;;#3000 NPT ASTM A105, SEGÚN ASME B16.11;;;Activos\Imagenes\Half coupling\Half01.png
Soldadura;SOLDADURA DE EMPALME ;;;;;;;;;;;
Soldadura_1;SOLDADURA DE EMPALME ;;;;;;;;;;;
Solid1_503;"HALF COUPLING 1""";Accesorios roscados;;;Génerico;;;;FNNP #3000 ASTM A105 Gr.II ASME B16.13;;;Activos\Imagenes\Half coupling\Half01.png
Solid2_326;"NIPLE 1""-2""";Accesorios roscados;;;Génerico;;;;"MNPT API 5L Gr.B, NIPLE 1"" x 2"" Long x 2"" Long - Sch.STD";;;Activos\Imagenes\Esparrágo\Niple01.png
Solid20;"VÁLVULA DE GLOBO 1""";Equipos;;;Génerico;;;;DIMENSIONES SEGÚN ASME B16.10, CONSTRUCCIÓN SEGÚN ASME B16.34;;;
Solid1_505;"VÁLVULA DE GLOBO 1""";Equipos;;;Génerico;;;;DIMENSIONES SEGÚN ASME B16.10, CONSTRUCCIÓN SEGÚN ASME B16.34;;;
Solid19;"VÁLVULA DE GLOBO 1""";Equipos;;;Génerico;;;;DIMENSIONES SEGÚN ASME B16.10, CONSTRUCCIÓN SEGÚN ASME B16.34;;;
Solid2_328;"NIPLE ROSCADO 1""-3""";Accesorios roscados;;;Génerico;;;;"MNPT API 5L Gr.B, NIPLE 1"" x 3"" Long x 3"" Long - Sch.STD";;;Activos\Imagenes\Esparrágo\Niple01.png
Solid1_507;"UNIÓN UNIVERSAL 1""";Accesorios roscados;;;Acero inoxidable;;;;FTH #3000 FS NPT, ASMT A-105, DIMENSIONES SEGÚN ASME B16.3. B16.14;;;
Solid1_508;"TUBO 1"" ";Tubería;;;Acero, carbono;;;;2 MNPT, API 5L Gr. B, Sch. Std;;;
Solid1_509;"CODO 1""";Accesorios roscados;;;Acero;;;;"#3000, DIMENSIONES SEGÚN ASME B16.11""";;;Activos\Imagenes\Codos\CON-02.png
Solid1_510;"TUBO ROSCADO 1""";Tubería;;;Acero, carbono;;;;2 MNPT, API 5L Gr. B, Sch. Std;;;
Sólido1_10;"SOPORTE TUBO 4""";Soportes;;;Génerico;;;;;;;
Solid1_140;"TUBO 4""";Tubería;;;Acero, carbono;;;;SCH. STD. API 5L Gr. B;;;
Solid2_340;"ESPARRÁGO BRIDA 4""";Tornillería;;;Génerico;;;;"ASTM A193 GR.B7-CC/7-2H,ESPARRAGO 3/4"" x 4.75 in Long";;;Activos\Imagenes\Esparrágo\ESP01.png
Solid2_21;"VÁLVULA DE BOLA 2 CUERPOS 4""";Equipos;;;Génerico;;;;RF - ANSI 300;;;Activos/Imagenes/Valvulas/Valvulabola.png
Sólido1_40;ACTUADOR PA70;Equipos;;;Génerico;;;;;;;Activos/Imagenes/Actuadores/ACT03.png
Solid1_118;SOPORTE;;;;;;;;;;;
Solid1_677;BASE TABLERO;;;;;;;;;;;
Solid1_657;FILTRO TABLERO ACTUADOR;;;;;;;;;;;
Solid1_627;REGULADOR 1301F_B;;;;;;;;;;;
Solid1_545;"TEE 1/8""";;;;;;;;;;;
Solid2_366;REGULADOR FISHER 67-CF;;;;;;;;;;;
Solid1_530;MANÓMETRO CAUGE BAKE CONECTION;MAN/ACC;;;316;;;;;;;Activos\Imagenes\Manómetros\PI01.png
Solid1_557;MANÓMETRO CAUGE BAKE CONECTION;MAN/ACC;;;316;;;;;;;Activos\Imagenes\Manómetros\PI01.png
Solid8_3;VERSA SELENOIDE;;;;;;;;;;;
Solid5_1;VERSA SELENOIDE;;;;;;;;;;;
Solid8_6;VERSA SELENOIDE;;;;;;;;;;;
Solid1_539;"TEE 1/8""";;;;;;;;;;;
Sólido5_1;BARRIDO DE TUBERÍA;Tubería;;;Cobre;;;; ASTM B 88 Tubo 1/4 - Type L;;;
Sólido6_2;BARRIDO DE TUBERÍA;Tubería;;;Cobre;;;; ASTM B 88 Tubo 1/4 - Type L;;;
Sólido4;BARRIDO DE TUBERÍA;Tubería;;;Cobre;;;; ASTM B 88 Tubo 1/4 - Type L;;;
Sólido5;BARRIDO DE TUBERÍA;Tubería;;;Cobre;;;; ASTM B 88 Tubo 1/4 - Type L;;;
Sólido7;BARRIDO DE TUBERÍA;Tubería;;;Cobre;;;; ASTM B 88 Tubo 1/4 - Type L;;;
Solid1_536;"TEE 1/8""";;;;;;;;;;;
Solid1_635;LLAVE;;;;;;;;;;;
Solid1_121;"TUBO 4""";Tubería;;;Acero, carbono;;;; SCH. STD. API 5L Gr. B;;;
Solid7_3;"TEE RECTA 4""";Accesorios soldados;;;Acero, carbono;;;;SCH STD ASTM 234;;;
Srf1_2;VÁLVULA ALIVIO DE PRESIÓN;Equipos;;;Genérico;;;;;;;
Srf1_1;VÁLVULA ALIVIO DE PRESIÓN;Equipos;;;Genérico;;;;;;;
Solid1_531;"NIPLE HEXAGONAL 1/4""";Tornillería;;;Hierro, maleable;;;;ISO 49 Boquilla hexagonal N8 1/4;;;Activos\Imagenes\Esparrágo\Niple01.png
Solid1_546;"NIPLE HEXAGONAL 1/4""";Tornillería;;;Hierro, maleable;;;;ISO 49 Boquilla hexagonal N8 1/4;;;Activos\Imagenes\Esparrágo\Niple01.png
Solid1_547;"NIPLE HEXAGONAL 1/4""";Tornillería;;;Hierro, maleable;;;;ISO 49 Boquilla hexagonal N8 1/4;;;Activos\Imagenes\Esparrágo\Niple01.png
Solid1_537;"NIPLE HEXAGONAL 1/4""";Tornillería;;;Hierro, maleable;;;;ISO 49 Boquilla hexagonal N8 1/4;;;Activos\Imagenes\Esparrágo\Niple01.png
Solid1_538;"NIPLE HEXAGONAL 1/4""";Tornillería;;;Hierro, maleable;;;;ISO 49 Boquilla hexagonal N8 1/4;;;Activos\Imagenes\Esparrágo\Niple01.png
Solid1_554;"CONECTOR RECTO 1/4""";Tornillería;;;Acero inoxidable, austenítico;;;;CONECTOR RECTO 1-4 OD x 1-4 NPT;;;Activos\Imagenes\Conector\CON-01.png
Sólido2;BARRIDO DE TUBERÍA;Tubería;;;Cobre;;;;ASTM B 88 Tubo 1/4 - Type L;;;
Solid1_555;"CONECTOR RECTO 1/4""";Tornillería;;;Acero inoxidable, austenítico;;;;CONECTOR RECTO 1-4 OD x 1-4 NPT;;;Activos\Imagenes\Conector\CON-01.png
Solid1_541;"CODO 1/4"" 90°";Accesorios roscados;;;Acero inoxidable, austenítico;;;;;;;Activos\Imagenes\Codos\CON-02.png
Solid1_542;SELENOIDE;;;;Genérico;;;;;;;
Sólido1_15;SELENOIDE;;;;Genérico;;;;;;;
Solid1_548;"CONECTOR RECTO 1/4""";Accesorios roscados;;;Acero inoxidable, austenítico;;;;CONECTOR RECTO 1-4 OD x 1-4 NPT;;;Activos\Imagenes\Conector\CON-01.png
Sólido1_38;YEE;Accesorios roscados;;;Génerico;;;;;;;
Solid1_549;"CONECTOR RECTO 1/2""";Accesorios roscados;;;Acero inoxidable, austenítico;;;;"CONECTOR RECTO 1/2"" OD x 1/4"" NPT";;;Activos\Imagenes\Conector\CON-01.png
Solid1_533;"TAPÓN 1/4""";Tornillería;;;Acero;;;;ASME B16.11 Tapón de cabeza hexagonal 1/4;;;Activos\Imagenes\Esparrágo\TAPON01.png
Solid1_532;"TAPÓN 1/4""";Tornillería;;;Acero;;;;ASME B16.11 Tapón de cabeza hexagonal 1/4;;;Activos\Imagenes\Esparrágo\TAPON01.png
Solid1_550;"CONECTOR RECTO 1/4""";Accesorios roscados;;;Acero inoxidable, austenítico;;;;CONECTOR RECTO 1-4 OD x 1-4 NPT;;;Activos\Imagenes\Conector\CON-01.png
Solid1_556;"CODO 1/4"" 90°";Accesorios roscados;;;Acero inoxidable, austenítico;;;;;;;Activos\Imagenes\Codos\CON-02.png
Solid1_551;"CODO 1/4"" 90°";Accesorios roscados;;;Acero inoxidable, austenítico;;;;;;;Activos\Imagenes\Codos\CON-02.png
Solid1_31;"CONECTOR RECTO 1/4""";Accesorios roscados;;;Acero inoxidable, austenítico;;;;CONECTOR RECTO 1-4 OD x 1-4 NPT;;;Activos\Imagenes\Conector\CON-01.png
Solid1_544;"TAPON 1/2""";Tornillería;;;Acero;;;; ASME B16.11 Tapón de cabeza hexagonal 1/2;;;Activos\Imagenes\Esparrágo\TAPON01.png
Solid1_552;"CODO 1/4"" 90°";Accesorios roscados;;;Acero inoxidable, austenítico;;;;;;;Activos\Imagenes\Codos\CON-02.png
Solid1_543;"CONECTOR RECTO 1/4""";Accesorios roscados;;;Acero inoxidable, austenítico;;;;CONECTOR RECTO 1-4 OD x 1-4 NPT;;;Activos\Imagenes\Conector\CON-01.png
Solid1_120;"TUBO 4""";Tubería;;;Acero, carbono;;;; SCH. STD. API 5L Gr. B;;;
Solid7_4;"TEE RECTA 4""";;;;Acero, carbono;;;;SCH STD ASTM 234;;;
Solid1_133;"TUBO 4""";Tubería;;;Acero, carbono;;;; SCH. STD. API 5L Gr. B;;;
Solid3_331;"BRIDA WN 4""";Accesorios soldados;;;Acero, carbono;;;;"ASTM-A-694-F-81,  BRIDA WN SCH STD ANSI 300 x 4""";;;
Solid2_20;"VÁLVULA DE BOLA 2 CUERPOS 4""";Equipos;;;Génerico;;;;RF - ANSI 300;;;Activos/Imagenes/Valvulas/Valvulabola.png
Solid1_147;"TUBO 4""";Tubería;;;Acero, carbono;;;; SCH. STD. API 5L Gr. B;;;
Solid1_3 ;"CODO 4""-90°";Accesorios soldados;;;Acero,Carbono;;;; RL. SCH. STD. ASTM A860 WPHY 52;;;Activos\Imagenes\Codos\CODO-02.png
Solid1_137;"TUBO 4""";Tubería;;;Acero, carbono;;;; SCH. STD. API 5L Gr. B;;;
Solid2_19;"VÁLVULA DE BOLA 2 CUERPOS 4""";Equipos;;;Génerico;;;;RF - ANSI 300;;;Activos/Imagenes/Valvulas/Valvulabola.png
Solid1_139;"TUBO 4""";Tubería;;;Acero, carbono;;;; SCH. STD. API 5L Gr. B;;;
Solid1_117;"REDUCCIÓN CONCÉNTRICA 4""-2""";Accesorios soldados;;;Acero, carbono;;;;SCH STD ASTM A234;;;
Solid1_138;"TUBO 4""";Tubería;;;Acero, carbono;;;; SCH. STD. API 5L Gr. B;;;
Solid1_113;"REDUCCIÓN CONCÉNTRICA 4""-2""";Accesorios soldados;;;Acero, carbono;;;;SCH STD ASTM A234;;;
Solid1_122;"TAPÓN DE 1/2"" CABEZA HEXAGONAL";Tornillería;;;Acero,forjado;;;;#3000 NPT ASTM A105, SEGÚN ASME B16.11;;;Activos\Imagenes\Esparrágo\TAPON01.png
�����3_6;"TAPÓN DE 1/2"" CABEZA HEXAGONAL";Tornillería;;;Acero,forjado;;;;#3000 NPT ASTM A105, SEGÚN ASME B16.11;;;Activos\Imagenes\Esparrágo\TAPON01.png
����������6_14;"VÁLVULA DE BOLA 3/4""";Equipos;;;Génerico;;;;"# 2000, Marca: METSO, Mod: Eliminator, #3000, FNPT- FNPT, ASTM A105""";;;
Solid2_4;"NIPLE ROSCADO 3/4""-2""";Accesorios roscados;;;Génerico;;;;MNPT API 5L Gr.B;;;Activos\Imagenes\Esparrágo\Niple01.png
Solid1_559;"HALF COUPLING 3/4""";Accesorios roscados;;;Génerico;;;;FNNP #3000 ASTM A105 Gr.II ASME B16.11;;;Activos\Imagenes\Half coupling\Half01.png
�����3_8;"TAPÓN DE 1/2"" CABEZA HEXAGONAL";Tornillería;;;Acero,forjado;;;;#3000 NPT ASTM A105, SEGÚN ASME B16.11;;;Activos\Imagenes\Esparrágo\TAPON01.png
Solid1_119;"TAPÓN DE 1/2"" CABEZA HEXAGONAL";Tornillería;;;Acero,forjado;;;;#3000 NPT ASTM A105, SEGÚN ASME B16.11;;;Activos\Imagenes\Esparrágo\TAPON01.png
����������6_14;"VÁLVULA DE BOLA 3/4""";Equipos;;;Génerico;;;;"# 2000, Marca: METSO, Mod: Eliminator, #3000, FNPT- FNPT, ASTM A105""";;;
Solid2_6;"NIPLE ROSCADO 3/4""-2""";Accesorios roscados;;;Génerico;;;;MNPT API 5L Gr.B;;;Activos\Imagenes\Esparrágo\Niple01.png
Solid3_346;"BRIDA WN 2""-600";Accesorios soldados;;;Acero, carbono;;;;"ASTM-A-694-F-97,BRIDA WN SCH STD ANSI 600 x 2""";;;
Solid1_223;ESPARRÁGO BRIDA2-600;Tornillería;;;Génerico;;;;" ASTM A193 GR.B7-CC/7-2H,ESPÁRRAGO 5/8"" x 7 1/4"" LONG";;;Activos\Imagenes\Esparrágo\ESP01.png
Solid1_224;ESPARRÁGO BRIDA2-600;Tornillería;;;Génerico;;;;" ASTM A193 GR.B7-CC/7-2H,ESPÁRRAGO 5/8"" x 7 1/4"" LONG";;;Activos\Imagenes\Esparrágo\ESP01.png
Solid1_225;ESPARRÁGO BRIDA2-600;Tornillería;;;Génerico;;;;" ASTM A193 GR.B7-CC/7-2H,ESPÁRRAGO 5/8"" x 7 1/4"" LONG";;;Activos\Imagenes\Esparrágo\ESP01.png
Solid1_226;ESPARRÁGO BRIDA2-600;Tornillería;;;Génerico;;;;" ASTM A193 GR.B7-CC/7-2H,ESPÁRRAGO 5/8"" x 7 1/4"" LONG";;;Activos\Imagenes\Esparrágo\ESP01.png
Solid1_227;ESPARRÁGO BRIDA2-600;Tornillería;;;Génerico;;;;" ASTM A193 GR.B7-CC/7-2H,ESPÁRRAGO 5/8"" x 7 1/4"" LONG";;;Activos\Imagenes\Esparrágo\ESP01.png
Solid1_228;ESPARRÁGO BRIDA2-600;Tornillería;;;Génerico;;;;" ASTM A193 GR.B7-CC/7-2H,ESPÁRRAGO 5/8"" x 7 1/4"" LONG";;;Activos\Imagenes\Esparrágo\ESP01.png
Solid1_229;ESPARRÁGO BRIDA2-600;Tornillería;;;Génerico;;;;" ASTM A193 GR.B7-CC/7-2H,ESPÁRRAGO 5/8"" x 7 1/4"" LONG";;;Activos\Imagenes\Esparrágo\ESP01.png
Solid1_230;ESPARRÁGO BRIDA2-600;Tornillería;;;Génerico;;;;" ASTM A193 GR.B7-CC/7-2H,ESPÁRRAGO 5/8"" x 7 1/4"" LONG";;;Activos\Imagenes\Esparrágo\ESP01.png
Solid1_231;ESPARRÁGO BRIDA2-600;Tornillería;;;Génerico;;;;" ASTM A193 GR.B7-CC/7-2H,ESPÁRRAGO 5/8"" x 7 1/4"" LONG";;;Activos\Imagenes\Esparrágo\ESP01.png
Solid1_232;ESPARRÁGO BRIDA2-600;Tornillería;;;Génerico;;;;" ASTM A193 GR.B7-CC/7-2H,ESPÁRRAGO 5/8"" x 7 1/4"" LONG";;;Activos\Imagenes\Esparrágo\ESP01.png
Solid1_233;ESPARRÁGO BRIDA2-600;Tornillería;;;Génerico;;;;" ASTM A193 GR.B7-CC/7-2H,ESPÁRRAGO 5/8"" x 7 1/4"" LONG";;;Activos\Imagenes\Esparrágo\ESP01.png
Solid1_234;ESPARRÁGO BRIDA2-600;Tornillería;;;Génerico;;;;" ASTM A193 GR.B7-CC/7-2H,ESPÁRRAGO 5/8"" x 7 1/4"" LONG";;;Activos\Imagenes\Esparrágo\ESP01.png
Solid1_235;ESPARRÁGO BRIDA2-600;Tornillería;;;Génerico;;;;" ASTM A193 GR.B7-CC/7-2H,ESPÁRRAGO 5/8"" x 7 1/4"" LONG";;;Activos\Imagenes\Esparrágo\ESP01.png
Solid1_236;ESPARRÁGO BRIDA2-600;Tornillería;;;Génerico;;;;" ASTM A193 GR.B7-CC/7-2H,ESPÁRRAGO 5/8"" x 7 1/4"" LONG";;;Activos\Imagenes\Esparrágo\ESP01.png
Solid1_237;ESPARRÁGO BRIDA2-600;Tornillería;;;Génerico;;;;" ASTM A193 GR.B7-CC/7-2H,ESPÁRRAGO 5/8"" x 7 1/4"" LONG";;;Activos\Imagenes\Esparrágo\ESP01.png
Solid1_238;ESPARRÁGO BRIDA2-600;Tornillería;;;Génerico;;;;" ASTM A193 GR.B7-CC/7-2H,ESPÁRRAGO 5/8"" x 7 1/4"" LONG";;;Activos\Imagenes\Esparrágo\ESP01.png
Solid1_239;ESPARRÁGO BRIDA2-600;Tornillería;;;Génerico;;;;" ASTM A193 GR.B7-CC/7-2H,ESPÁRRAGO 5/8"" x 7 1/4"" LONG";;;Activos\Imagenes\Esparrágo\ESP01.png
Solid1_240;ESPARRÁGO BRIDA2-600;Tornillería;;;Génerico;;;;" ASTM A193 GR.B7-CC/7-2H,ESPÁRRAGO 5/8"" x 7 1/4"" LONG";;;Activos\Imagenes\Esparrágo\ESP01.png
Solid1_241;ESPARRÁGO BRIDA2-600;Tornillería;;;Génerico;;;;" ASTM A193 GR.B7-CC/7-2H,ESPÁRRAGO 5/8"" x 7 1/4"" LONG";;;Activos\Imagenes\Esparrágo\ESP01.png
Solid1_242;ESPARRÁGO BRIDA2-600;Tornillería;;;Génerico;;;;" ASTM A193 GR.B7-CC/7-2H,ESPÁRRAGO 5/8"" x 7 1/4"" LONG";;;Activos\Imagenes\Esparrágo\ESP01.png
Solid1_243;ESPARRÁGO BRIDA2-600;Tornillería;;;Génerico;;;;" ASTM A193 GR.B7-CC/7-2H,ESPÁRRAGO 5/8"" x 7 1/4"" LONG";;;Activos\Imagenes\Esparrágo\ESP01.png
Solid1_244;ESPARRÁGO BRIDA2-600;Tornillería;;;Génerico;;;;" ASTM A193 GR.B7-CC/7-2H,ESPÁRRAGO 5/8"" x 7 1/4"" LONG";;;Activos\Imagenes\Esparrágo\ESP01.png
Solid1_245;ESPARRÁGO BRIDA2-600;Tornillería;;;Génerico;;;;" ASTM A193 GR.B7-CC/7-2H,ESPÁRRAGO 5/8"" x 7 1/4"" LONG";;;Activos\Imagenes\Esparrágo\ESP01.png
Solid1_246;ESPARRÁGO BRIDA2-600;Tornillería;;;Génerico;;;;" ASTM A193 GR.B7-CC/7-2H,ESPÁRRAGO 5/8"" x 7 1/4"" LONG";;;Activos\Imagenes\Esparrágo\ESP01.png
Solid1_247;ESPARRÁGO BRIDA2-600;Tornillería;;;Génerico;;;;" ASTM A193 GR.B7-CC/7-2H,ESPÁRRAGO 5/8"" x 7 1/4"" LONG";;;Activos\Imagenes\Esparrágo\ESP01.png
Solid1_248;ESPARRÁGO BRIDA2-600;Tornillería;;;Génerico;;;;" ASTM A193 GR.B7-CC/7-2H,ESPÁRRAGO 5/8"" x 7 1/4"" LONG";;;Activos\Imagenes\Esparrágo\ESP01.png
Solid1_249;ESPARRÁGO BRIDA2-600;Tornillería;;;Génerico;;;;" ASTM A193 GR.B7-CC/7-2H,ESPÁRRAGO 5/8"" x 7 1/4"" LONG";;;Activos\Imagenes\Esparrágo\ESP01.png
Solid1_250;ESPARRÁGO BRIDA2-600;Tornillería;;;Génerico;;;;" ASTM A193 GR.B7-CC/7-2H,ESPÁRRAGO 5/8"" x 7 1/4"" LONG";;;Activos\Imagenes\Esparrágo\ESP01.png
Solid1_251;ESPARRÁGO BRIDA2-600;Tornillería;;;Génerico;;;;" ASTM A193 GR.B7-CC/7-2H,ESPÁRRAGO 5/8"" x 7 1/4"" LONG";;;Activos\Imagenes\Esparrágo\ESP01.png
Solid1_252;ESPARRÁGO BRIDA2-600;Tornillería;;;Génerico;;;;" ASTM A193 GR.B7-CC/7-2H,ESPÁRRAGO 5/8"" x 7 1/4"" LONG";;;Activos\Imagenes\Esparrágo\ESP01.png
Solid1_253;ESPARRÁGO BRIDA2-600;Tornillería;;;Génerico;;;;" ASTM A193 GR.B7-CC/7-2H,ESPÁRRAGO 5/8"" x 7 1/4"" LONG";;;Activos\Imagenes\Esparrágo\ESP01.png
Solid1_254;ESPARRÁGO BRIDA2-600;Tornillería;;;Génerico;;;;" ASTM A193 GR.B7-CC/7-2H,ESPÁRRAGO 5/8"" x 7 1/4"" LONG";;;Activos\Imagenes\Esparrágo\ESP01.png
Solid1_255;ESPARRÁGO BRIDA2-600;Tornillería;;;Génerico;;;;" ASTM A193 GR.B7-CC/7-2H,ESPÁRRAGO 5/8"" x 7 1/4"" LONG";;;Activos\Imagenes\Esparrágo\ESP01.png
Solid1_256;ESPARRÁGO BRIDA2-600;Tornillería;;;Génerico;;;;" ASTM A193 GR.B7-CC/7-2H,ESPÁRRAGO 5/8"" x 7 1/4"" LONG";;;Activos\Imagenes\Esparrágo\ESP01.png
Solid1_257;ESPARRÁGO BRIDA2-600;Tornillería;;;Génerico;;;;" ASTM A193 GR.B7-CC/7-2H,ESPÁRRAGO 5/8"" x 7 1/4"" LONG";;;Activos\Imagenes\Esparrágo\ESP01.png
Solid1_258;ESPARRÁGO BRIDA2-600;Tornillería;;;Génerico;;;;" ASTM A193 GR.B7-CC/7-2H,ESPÁRRAGO 5/8"" x 7 1/4"" LONG";;;Activos\Imagenes\Esparrágo\ESP01.png
Solid1_259;ESPARRÁGO BRIDA2-600;Tornillería;;;Génerico;;;;" ASTM A193 GR.B7-CC/7-2H,ESPÁRRAGO 5/8"" x 7 1/4"" LONG";;;Activos\Imagenes\Esparrágo\ESP01.png
Solid1_260;ESPARRÁGO BRIDA2-600;Tornillería;;;Génerico;;;;" ASTM A193 GR.B7-CC/7-2H,ESPÁRRAGO 5/8"" x 7 1/4"" LONG";;;Activos\Imagenes\Esparrágo\ESP01.png
Solid1_261;ESPARRÁGO BRIDA2-600;Tornillería;;;Génerico;;;;" ASTM A193 GR.B7-CC/7-2H,ESPÁRRAGO 5/8"" x 7 1/4"" LONG";;;Activos\Imagenes\Esparrágo\ESP01.png
Solid1_262;ESPARRÁGO BRIDA2-600;Tornillería;;;Génerico;;;;" ASTM A193 GR.B7-CC/7-2H,ESPÁRRAGO 5/8"" x 7 1/4"" LONG";;;Activos\Imagenes\Esparrágo\ESP01.png
Solid1_263;ESPARRÁGO BRIDA2-600;Tornillería;;;Génerico;;;;" ASTM A193 GR.B7-CC/7-2H,ESPÁRRAGO 5/8"" x 7 1/4"" LONG";;;Activos\Imagenes\Esparrágo\ESP01.png
Solid1_264;ESPARRÁGO BRIDA2-600;Tornillería;;;Génerico;;;;" ASTM A193 GR.B7-CC/7-2H,ESPÁRRAGO 5/8"" x 7 1/4"" LONG";;;Activos\Imagenes\Esparrágo\ESP01.png
Solid1_265;ESPARRÁGO BRIDA2-600;Tornillería;;;Génerico;;;;" ASTM A193 GR.B7-CC/7-2H,ESPÁRRAGO 5/8"" x 7 1/4"" LONG";;;Activos\Imagenes\Esparrágo\ESP01.png
Solid1_266;ESPARRÁGO BRIDA2-600;Tornillería;;;Génerico;;;;" ASTM A193 GR.B7-CC/7-2H,ESPÁRRAGO 5/8"" x 7 1/4"" LONG";;;Activos\Imagenes\Esparrágo\ESP01.png
Solid1_598;"REGULADOR 2"" ";Equipos;;;Acero, carbono;;;;"REGULADOR 2"" ANSI 600,  AXIAL FLOW VALVE";;;
Solid1_599;"REGULADOR 2"" ";Equipos;;;Acero, carbono;;;;"REGULADOR 2"" ANSI 600,  AXIAL FLOW VALVE";;;
Solid1_24;CONECTOR RECTO 1-2;Tornillería;;;Acero inoxidable, austenítico;;;;" CONECTOR RECTO 1/2"" OD x 1/4"" NPT";;;Activos\Imagenes\Conector\CON-01.png
Solid1_434;"CODO 1/4""";Accesorios roscados;;;Acero;;;;Codo forjado y roscado de 90º - Clase 3000,  ASME B16.11 Codo roscado de 90 grad - Clase 3000 1/4;;;Activos\Imagenes\Codos\CON-02.png
Solid1_436;"REGULADOR 1/2""";Equipos;;;Génerico;;;; FISHER ZSC 100;;;
Solid1_25;"CONECTOR RECTO 1/2""";Tornillería;;;Acero inoxidable, austenítico;;;;" CONECTOR RECTO 1/2"" OD x 1/4"" NPT";;;Activos\Imagenes\Conector\CON-01.png
Sólido6_2;BARRIDO DE TUBERÍA;Tubería;;;Cobre;;;;ASTM B 88 Tubo 1/2 - Type L;;;
Sólido1_8;"SOPORTE TUBO 4""";Soportes;;;Génerico;;;;;;;
Sólido1_7;"SOPORTE TUBO 4""";Soportes;;;Génerico;;;;;;;
Sólido1_28;"SOPORTE TUBO 4""";Soportes;;;Génerico;;;;;;;
Solid1_112;"REDUCCIÓN CONCÉNTRICA 4"" X 2""";Accesorios soldados;;;Acero, carbono;;;; SCH STD ASTM A234;;;
Solid1_141;"TUBO 4""";Tubería;;;Acero, carbono;;;;SCH. STD. API 5L Gr. B;;;
Solid1_111;"REDUCCIÓN CONCÉNTRICA 4"" X 2""";Accesorios soldados;;;Acero, carbono;;;; SCH STD ASTM A234;;;
Solid1_110;"REDUCCIÓN CONCÉNTRICA 4"" X 2""";Accesorios soldados;;;Acero, carbono;;;; SCH STD ASTM A234;;;
Solid1_153;"TUBO 4""";Tubería;;;Acero, carbono;;;;SCH. STD. API 5L Gr. B;;;
Solid1_115;"REDUCCIÓN CONCÉNTRICA 4"" X 2""";Accesorios soldados;;;Acero, carbono;;;; SCH STD ASTM A234;;;
Solid1_116;"REDUCCIÓN CONCÉNTRICA 4"" X 2""";Accesorios soldados;;;Acero, carbono;;;; SCH STD ASTM A235;;;
Solid1_142;"TUBO 4""";Tubería;;;Acero, carbono;;;;SCH. STD. API 5L Gr. B;;;
Solid2_15;"NIPLE 3/4""";Accesorios roscados;;;Génerico;;;;"MNPT API 5L Gr.B, NIPLE 3/4"" x 2"" Long x 2"" Long - Sch.STD";;;Activos\Imagenes\Esparrágo\Niple01.png
Solid1_107;"REDUCCIÓN BUSHING 3/4"" X 1/2""";Accesorios roscados;;;Acero, forjado;;;; Wrought Steel Threaded Pipe Fittings-Hex Head Bushing Threaded-NPT;;;
351B297-1-solid1_3;MANÓMETRO 0-1200 psig;MAN/ACC;;;316;;;;"4.5""  DISPLAY, TOMA 1/2 NPT POR DEBAJO";;;Activos\Imagenes\Manómetros\PI01.png
484D215-1-solid1_3;MANÓMETRO 0-1200 psig;MAN/ACC;;;316;;;;"4.5""  DISPLAY, TOMA 1/2 NPT POR DEBAJO";;;Activos\Imagenes\Manómetros\PI01.png
302C209-1-solid1_3;MANÓMETRO 0-1200 psig;MAN/ACC;;;316;;;;"4.5""  DISPLAY, TOMA 1/2 NPT POR DEBAJO";;;Activos\Imagenes\Manómetros\PI01.png
�����3_5;"VÁLVULA DE BOLA 3/4""";Equipos;;;Génerico;;;;#3000, FNPT- FNPT, ASTM A105;;;
Sólido5_3;BARRIDO DE TUBERÍA;Tubería;;;Cobre;;;; ASTM B 88 Tubo 1/2 - Type L;;;
Sólido6 ;BARRIDO DE TUBERÍA;Tubería;;;Cobre;;;; ASTM B 88 Tubo 1/2 - Type L;;;
Sólido2_3;BARRIDO DE TUBERÍA;Tubería;;;Cobre;;;; ASTM B 88 Tubo 1/2 - Type L;;;
Sólido5_2;BARRIDO DE TUBERÍA;Tubería;;;Cobre;;;; ASTM B 88 Tubo 1/2 - Type L;;;
Sólido6_1;BARRIDO DE TUBERÍA;Tubería;;;Cobre;;;; ASTM B 88 Tubo 1/2 - Type L;;;
Sólido5_5;BARRIDO DE TUBERÍA;Tubería;;;Cobre;;;; ASTM B 88 Tubo 1/2 - Type L;;;
Sólido2_1;BARRIDO DE TUBERÍA;Tubería;;;Cobre;;;; ASTM B 88 Tubo 1/2 - Type L;;;
Sólido5_4;BARRIDO DE TUBERÍA;Tubería;;;Cobre;;;; ASTM B 88 Tubo 1/2 - Type L;;;
Solid1_10 ;"CODO 1/2"" 90°";Accesorios roscados;;;Acero inoxidable, austenítico;;;;;;;Activos\Imagenes\Codos\CON-02.png
Solid1_11;"CODO 1/2"" 90°";Accesorios roscados;;;Acero inoxidable, austenítico;;;;;;;Activos\Imagenes\Codos\CON-02.png
Solid1_6;"CODO 1/2"" 90°";Accesorios roscados;;;Acero inoxidable, austenítico;;;;;;;Activos\Imagenes\Codos\CON-02.png
Solid1_7;"CODO 1/2"" 90°";Accesorios roscados;;;Acero inoxidable, austenítico;;;;;;;Activos\Imagenes\Codos\CON-02.png
Solid1_14;"CONECTOR RECTO 1/2""";Accesorios roscados;;;Acero inoxidable, austenítico;;;;"CONECTOR RECTO 1/2"" OD x 1/4"" NPT";;;Activos\Imagenes\Conector\CON-01.png
Solid1_15;"CONECTOR RECTO 1/2""";Accesorios roscados;;;Acero inoxidable, austenítico;;;;"CONECTOR RECTO 1/2"" OD x 1/4"" NPT";;;Activos\Imagenes\Conector\CON-01.png
Solid1_16;"CONECTOR RECTO 1/2""";Accesorios roscados;;;Acero inoxidable, austenítico;;;;"CONECTOR RECTO 1/2"" OD x 1/4"" NPT";;;Activos\Imagenes\Conector\CON-01.png
Solid1_17;"CONECTOR RECTO 1/2""";Accesorios roscados;;;Acero inoxidable, austenítico;;;;"CONECTOR RECTO 1/2"" OD x 1/4"" NPT";;;Activos\Imagenes\Conector\CON-01.png
Solid1_18;"CONECTOR RECTO 1/2""";Accesorios roscados;;;Acero inoxidable, austenítico;;;;"CONECTOR RECTO 1/2"" OD x 1/4"" NPT";;;Activos\Imagenes\Conector\CON-01.png
Solid1_14;"CONECTOR RECTO 1/2""";Accesorios roscados;;;Acero inoxidable, austenítico;;;;"CONECTOR RECTO 1/2"" OD x 1/4"" NPT";;;Activos\Imagenes\Conector\CON-01.png
Solid1_26;"CONECTOR RECTO 1/2""";Accesorios roscados;;;Acero inoxidable, austenítico;;;;"CONECTOR RECTO 1/2"" OD x 1/4"" NPT";;;Activos\Imagenes\Conector\CON-01.png
Solid1_23;"CONECTOR RECTO 1/2""";Accesorios roscados;;;Acero inoxidable, austenítico;;;;"CONECTOR RECTO 1/2"" OD x 1/4"" NPT";;;Activos\Imagenes\Conector\CON-01.png
Solid1_12;"CONECTOR RECTO 1/2""";Accesorios roscados;;;Acero inoxidable, austenítico;;;;"CONECTOR RECTO 1/2"" OD x 1/4"" NPT";;;Activos\Imagenes\Conector\CON-01.png
Solid1_130;"TEE 1/2""";Accesorios roscados;;;Acero inoxidable, austenítico;;;;;;;
Solid1_131;"TEE 1/2""";Accesorios roscados;;;Acero inoxidable, austenítico;;;;;;;
Solid1_13;"CONECTOR RECTO 1/2""";Accesorios roscados;;;Acero inoxidable, austenítico;;;;"CONECTOR RECTO 1/2"" OD x 1/4"" NPT";;;Activos\Imagenes\Conector\CON-01.png
Solid1_442;"CODO 1/4""";Accesorios roscados;;;Acero;;;;Codo forjado y roscado de 90º - Clase 3000,  ASME B16.11 Codo roscado de 90 grad - Clase 3000 1/4;;;Activos\Imagenes\Codos\CON-02.png
Solid1_444;"REGULADOR 1/2""";Equipos;;;Génerico;;;; FISHER ZSC 100;;;
Solid2_5;"NIPLE 3/4""";Accesorios roscados;;;Génerico;;;;"MNPT API 5L Gr.B, NIPLE 3/4"" x 2"" Long x 2"" Long - Sch.STD";;;Activos\Imagenes\Esparrágo\Niple01.png
�����3_7;"VÁLVULA DE BOLA 3/4""";Equipos;;;Génerico;;;;#3000, FNPT- FNPT, ASTM A105;;;
Solid1_105;"REDUCCIÓN BUSHING 3/4"" X 1/2""";Accesorios roscados;;;Acero, forjado;;;; Wrought Steel Threaded Pipe Fittings-Hex Head Bushing Threaded-NPT;;;
302C209-1-solid1_2;MANÓMETRO 0-1200 psig;MAN/ACC;;;316;;;;"4.5""  DISPLAY, TOMA 1/2 NPT POR DEBAJO";;;Activos\Imagenes\Manómetros\PI01.png
484D215-1-solid1_2;MANÓMETRO 0-1200 psig;MAN/ACC;;;316;;;;"4.5""  DISPLAY, TOMA 1/2 NPT POR DEBAJO";;;Activos\Imagenes\Manómetros\PI01.png
Solid1_432;"REGULADOR 1/2""";Equipos;;;Génerico;;;; FISHER ZSC 100;;;
Solid1_440;"REGULADOR 1/2""";Equipos;;;Génerico;;;; FISHER ZSC 101;;;
Solid1_430;"CODO 1/4""";Accesorios roscados;;;Acero;;;;Codo forjado y roscado de 90º - Clase 3000,  ASME B16.11 Codo roscado de 90 grad - Clase 3000 1/4;;;Activos\Imagenes\Codos\CON-02.png
Solid1_438;"CODO 1/4""";Accesorios roscados;;;Acero;;;;Codo forjado y roscado de 90º - Clase 3000,  ASME B16.11 Codo roscado de 90 grad - Clase 3000 1/5;;;Activos\Imagenes\Codos\CON-02.png
Solid1_27;"CONECTOR RECTO 1/2""";Accesorios roscados;;;Acero inoxidable, austenítico;;;;"CONECTOR RECTO 1/2"" OD x 1/4"" NPT";;;Activos\Imagenes\Conector\CON-01.png
Solid1_114;"REDUCCIÓN CONCÉNTRICA 4"" X 2""";Accesorios soldados;;;Acero, carbono;;;; SCH STD ASTM A235;;;
Solid1_155;"TUBO 4""";Tubería;;;Acero, carbono;;;;SCH. STD. API 5L Gr. B;;;
Solid2_14;"NIPLE ROSCAD0 1/4""";Accesorrios roscados;;;Génerico;;;;"NIPLE 3/4"" x 2"" Long x 2"" Long - Sch.STD";;;Activos\Imagenes\Esparrágo\Niple01.png
Solid2_13;"NIPLE ROSCAD0 1/4""";Accesorrios roscados;;;Génerico;;;;"NIPLE 3/4"" x 2"" Long x 2"" Long - Sch.STD";;;Activos\Imagenes\Esparrágo\Niple01.png
Solid2_12;"NIPLE ROSCAD0 1/4""";Accesorrios roscados;;;Génerico;;;;"NIPLE 3/4"" x 2"" Long x 2"" Long - Sch.STD";;;Activos\Imagenes\Esparrágo\Niple01.png
Solid2_8;"NIPLE ROSCAD0 1/4""";Accesorrios roscados;;;Génerico;;;;"NIPLE 3/4"" x 2"" Long x 2"" Long - Sch.STD";;;Activos\Imagenes\Esparrágo\Niple01.png
Solid2_9;"NIPLE ROSCAD0 1/4""";Accesorrios roscados;;;Génerico;;;;"NIPLE 3/4"" x 2"" Long x 2"" Long - Sch.STD";;;Activos\Imagenes\Esparrágo\Niple01.png
Solid2_10;"NIPLE ROSCAD0 1/4""";Accesorrios roscados;;;Génerico;;;;"NIPLE 3/4"" x 2"" Long x 2"" Long - Sch.STD";;;Activos\Imagenes\Esparrágo\Niple01.png
�����3_11;"VÁLVULA DE BOLA 3/4""";Equipos;;;Génerico;;;;#3000, FNPT- FNPT, ASTM A105;;;
�����3;"VÁLVULA DE BOLA 3/4""";Equipos;;;Génerico;;;;#3000, FNPT- FNPT, ASTM A105;;;
�����3_10;"VÁLVULA DE BOLA 3/4""";Equipos;;;Génerico;;;;#3000, FNPT- FNPT, ASTM A105;;;
�����3_1;"VÁLVULA DE BOLA 3/4""";Equipos;;;Génerico;;;;#3000, FNPT- FNPT, ASTM A105;;;
�����3_2;"VÁLVULA DE BOLA 3/4""";Equipos;;;Génerico;;;;#3000, FNPT- FNPT, ASTM A105;;;
�����3_1;"VÁLVULA DE BOLA 3/4""";Equipos;;;Génerico;;;;#3000, FNPT- FNPT, ASTM A105;;;
�����3_3;"VÁLVULA DE BOLA 3/4""";Equipos;;;Génerico;;;;#3000, FNPT- FNPT, ASTM A105;;;
484D215-1-solid1_1;MANÓMETRO 0-1200 psig;MAN/ACC;;;316;;;;"4.5""  DISPLAY, TOMA 1/2 NPT POR DEBAJO";;;Activos\Imagenes\Manómetros\PI01.png
302C209-1-solid1_1;MANÓMETRO 0-1200 psig;MAN/ACC;;;316;;;;"4.5""  DISPLAY, TOMA 1/2 NPT POR DEBAJO";;;Activos\Imagenes\Manómetros\PI01.png
302C209-1-solid1_4;MANÓMETRO 0-1200 psig;MAN/ACC;;;316;;;;"4.5""  DISPLAY, TOMA 1/2 NPT POR DEBAJO";;;Activos\Imagenes\Manómetros\PI01.png
484D215-1-solid1_4;MANÓMETRO 0-1200 psig;MAN/ACC;;;316;;;;"4.5""  DISPLAY, TOMA 1/2 NPT POR DEBAJO";;;Activos\Imagenes\Manómetros\PI01.png
Solid2_2;"NIPLE ROSCAD0 1/2""";Accesorrios roscados;;;Génerico;;;;"NIPLE 1/2"" x 2"" Long x 2"" Long - Sch.STD";;;Activos\Imagenes\Esparrágo\Niple01.png
Solid1_127;"TEE 1/2""";Accesorrios roscados;;;Acero;;;;#3000 NPT ASTM A105, SEGÚN ASME B16.11;;;
Solid2_1;"NIPLE ROSCAD0 1/2""";Accesorrios roscados;;;Génerico;;;;"NIPLE 1/2"" x 2"" Long x 2"" Long - Sch.STD";;;Activos\Imagenes\Esparrágo\Niple01.png
Solid1_128;"TEE 1/2""";Accesorrios roscados;;;Acero;;;;#3000 NPT ASTM A105, SEGÚN ASME B16.11;;;
302C209-1-solid1_4;MANÓMETRO 0-1200 psig;MAN/ACC;;;316;;;;"4.5""  DISPLAY, TOMA 1/2 NPT POR DEBAJO";;;Activos\Imagenes\Manómetros\PI01.png
484D215-1-solid1_4;MANÓMETRO 0-1200 psig;MAN/ACC;;;316;;;;"4.5""  DISPLAY, TOMA 1/2 NPT POR DEBAJO";;;
Solid1_28;"CONECTOR RECTO 1/2""";Accesorios roscados;;;Acero inoxidable, austenítico;;;;"CONECTOR RECTO 1/2"" OD x 1/4"" NPT";;;Activos\Imagenes\Conector\CON-01.png
Sólido2_5;BARRIDO DE TUBERÍA;Tubería;;;Cobre;;;;;;;
Solid1_22;"CONECTOR RECTO 1/2""";Accesorios roscados;;;Acero inoxidable, austenítico;;;;"CONECTOR RECTO 1/2"" OD x 1/4"" NPT";;;Activos\Imagenes\Conector\CON-01.png
Solid1_625; ss-4-wvcr-6-400_02;;;;Génerico;;;;;;;
Sólido3_1;BARRIDO DE TUBERÍA;Tubería;;;Cobre;;;;;;;
Sólido1_17;REGISTRADOR ANALOGICO DE PRESIÓN;Equipos;;;Génerico;;;;;;;Activos\Imagenes\REGISTRADOR\CTRL-01.png
Solid1_30;"CONECTOR RECTO 1/4""";Accesorios roscados;;;Acero inoxidable, austenítico;;;;"CONECTOR RECTO 1/4"" OD x 1/4"" NPT";;;Activos\Imagenes\Conector\CON-01.png
Solid2_18;"VÁLVULA DE BOLA  2 CUERPOS 4""";Equipos;;;Génerico;;;;RF-ANSI 300;;;Activos/Imagenes/Valvulas/Valvulabola.png
Solid2_16;"VÁLVULA DE BOLA  2 CUERPOS 4""";Equipos;;;Génerico;;;;RF-ANSI 300;;;Activos/Imagenes/Valvulas/Valvulabola.png
Solid2_129;"VÁLVULA DE BOLA  2 CUERPOS 4""";Equipos;;;Génerico;;;;RF-ANSI 300;;;Activos/Imagenes/Valvulas/Valvulabola.png
Solid7_2;"TEE RECTA 4""";Accesorios soldados;;;Acero, carbono;;;;SCH STD ASTM 234;;;
Solid1_151;"TUBO 4""";Tubería;;;Acero, carbono;;;;SCH. STD. API 5L Gr. B;;;
Solid1_8;"CODO 1/2"" 90°";Accesorios roscados;;;Acero inoxidable, austenítico;;;;"CODO DE 90° 1/2"" MNPT x 1/2"" OD";;;Activos\Imagenes\Codos\CON-02.png
Solid1_108;"REDUCCIÓN BUSHING 3/4"" X 1/2""";Accesorios roscados;;;Acero, forjado;;;;"Wrought Steel Threaded Pipe Fittings-Hex Head Bushing Threaded-NPT ,Nº de pieza: GB/T 14383 3/4x1/2 ""HHB NPT""";;;
�����3_4;"VÁLVULA DE BOLA 3/4""";Equipos;;;Génerico;;;;#3000, FNPT- FNPT, ASTM A105, METSO, Mod: Eliminator;;;
Solid2_11;"NIPLE ROSCADO 3/4""-2""";Accesorios roscados;;;Génerico;;;;" NIPLE 3/4"" x 2"" Long x 2"" Long - Sch.STD";;;Activos\Imagenes\Esparrágo\Niple01.png
Sólido1_6;"SOPORTE TUBO 4""";Soportes;;;Génerico;;;;;;;
Solid3_348;"BRIDA WN 4""";Accesorios soldados;;;Acero, carbono;;;; ASTM-A-694-F-61;;;
Solid2_342;"ESPARRÁGO BRIDA 4""";Tornillería;;;Génerico;;;;" ASTM A193 GR.B7-CC/7-2H, ESPARRAGO 5/8"" x 3.75 in Long";;;Activos\Imagenes\Esparrágo\ESP01.png
Solid1_145;"TUBO 4""";Tubería;;;Acero, carbono;;;;SCH. STD. API 5L Gr. B;;;
Sólido1_22;MEDIDOR ROTATIVO G250;Equipos;;;Génerico;;;; MEDIDOR ROTATIVO G250 - Twin - 4in;;;
Sólido1_24;MEDIDOR ROTATIVO G250;Equipos;;;Génerico;;;; MEDIDOR ROTATIVO G250 - Twin - 4in;;;
Solid1_136;"TUBO 4""";Tubería;;;Acero, carbono;;;;SCH. STD. API 5L Gr. B;;;
Sólido1_9;"SOPORTE TUBO 4""";Soportes;;;Génerico;;;;;;;
Solid2_131;"VÁLVULA DE BOLA  2 CUERPOS 4""";Equipos;;;Génerico;;;;RF-ANSI 300;;;Activos/Imagenes/Valvulas/Valvulabola.png
Sólido1_12;SPECTACLE BLIND 4 ANSI 150;Equipos;;;Génerico;;;;;;;
Solid2_344;"ESPARRÁGO BRIDA 4""";Tornillería;;;Génerico;;;;" ASTM A193 GR.B7-CC/7-2H, ESPARRAGO 5/8"" x 3.75 in Long";;;Activos\Imagenes\Esparrágo\ESP01.png
Solid1_1;"CODO 4""-90°";Accesorios soldados;;;Acero,Carbono;;;; RL. SCH. STD. ASTM A860 WPHY 52;;;Activos\Imagenes\Codos\CODO-02.png
Solid1_21;"CONECTOR RECTO 1/2""";Accesorios roscados;;;Acero inoxidable, austenítico;;;;"CONECTOR RECTO 1/2"" OD x 1/4"" NPT";;;Activos\Imagenes\Conector\CON-01.png
Sólido6_3;BARRIDO DE TUBERÍA;Tubería;;;Cobre;;;; ASTM B 88 Tubo 1/2 - Type L;;;
Solid1_9;"CODO 1/2"" 90°";Accesorios soldados;;;Acero inoxidable, austenítico;;;;"CODO DE 90° 1/2"" MNPT x 1/2"" OD";;;Activos\Imagenes\Codos\CON-02.png
Solid1_522;MANIFOLD 3 VIAS;Equipos;;;Génerico;;;;;;;
Solid1_525;"TAPÓN 1/2"" ";Tornillería;;;Acero;;;;ASME B16.11 Tapón de cabeza hexagonal 1/2;;;Activos\Imagenes\Esparrágo\TAPON01.png
Solid1_676;MANIJA GAUGE VALVE;Accesorios roscados;;;Acero inoxidable;;;;;;;Activos\Imagenes\Manija\MAN01.png
Solid2;"NIPLE ROSCADO 1/2""-2""";Accesorios roscados;;;Génerico;;;;"MNPT API 5L Gr.B,NIPLE 1/2"" x 2"" Long x 2"" Long - Sch.STD";;;Activos\Imagenes\Esparrágo\Niple01.png
Sólido1_20;TRANSMISOR DE PRESIÓN;Equipos;;;Génerico;;;;;;;Activos\Imagenes\REGISTRADOR\PIT-01.png
Sólido1_19;TRANSMISOR DE PRESIÓN;Equipos;;;Génerico;;;;;;;Activos\Imagenes\REGISTRADOR\PIT-01.png
Sólido1_21;TRANSMISOR DE PRESIÓN;Equipos;;;Génerico;;;;;;;Activos\Imagenes\REGISTRADOR\PIT-01.png
Solid1_125;TAPÓN DE CABEZA HEXAGONAL AVELLANADO;Tornillería;;;Latón,amarrillo claro;;;; Tapón de cabeza hexagonal avellanado 219P de Parker 219P-8;;;Activos\Imagenes\Esparrágo\TAPON01.png
Solid1_126;TAPÓN DE CABEZA HEXAGONAL AVELLANADO;Tornillería;;;Latón,amarrillo claro;;;; Tapón de cabeza hexagonal avellanado 219P de Parker 219P-9;;;Activos\Imagenes\Esparrágo\TAPON01.png
Solid1_127;TAPÓN DE CABEZA HEXAGONAL AVELLANADO;Tornillería;;;Latón,amarrillo claro;;;; Tapón de cabeza hexagonal avellanado 219P de Parker 219P-10;;;Activos\Imagenes\Esparrágo\TAPON01.png
Sólido1_4;SOPORTE COMPUTADOR DE FLUJO;Soportes;;;Génerico;;;;;;;
Solid1_144;"TUBO 4""";Tubería;;;Acero, carbono;;;;SCH. STD. API 5L Gr. B;;;
Solid1_659;"TERMOPOZO DE 3/4""";Equipos;;;Génerico;;;;;;;
Sólido10;BARRIDO DE TUBERÍA;Tubería;;;Cobre;;;; ASTM B 88 Tubo 1/2 - Type L;;;
Solid2_132;"VÁLVULA DE BOLA  2 CUERPOS 4""";Equipos;;;Génerico;;;;RF-ANSI 300;;;Activos/Imagenes/Valvulas/Valvulabola.png
Solid1_146;"TUBO 4""";Tubería;;;Acero, carbono;;;;SCH. STD. API 5L Gr. B;;;
Solid7_1;"TEE RECTA 4""";Accesorios soldados;;;Acero, carbono;;;;SCH STD ASTM 234;;;
Solid1_135;"TUBO 4""";Tubería;;;Acero, carbono;;;;SCH. STD. API 5L Gr. B;;;
Solid2_130;"VÁLVULA DE BOLA  2 CUERPOS 4""";Equipos;;;Génerico;;;;RF-ANSI 300;;;Activos/Imagenes/Valvulas/Valvulabola.png
Solid7;"TEE RECTA 4""";Accesorios soldados;;;Acero, carbono;;;;SCH STD ASTM 234;;;
Solid1_2;"CODO 4""-90°";Accesorios soldados;;;Acero,Carbono;;;; RL. SCH. STD. ASTM A860 WPHY 52;;;Activos\Imagenes\Codos\CODO-02.png
Solid1;"CODO 4""-90°";Accesorios soldados;;;Acero,Carbono;;;; RL. SCH. STD. ASTM A860 WPHY 53;;;Activos\Imagenes\Codos\CODO-02.png
Solid1_150;"TUBO 4""";Tubería;;;Acero, carbono;;;;SCH. STD. API 5L Gr. B;;;
Solid2_133;"VÁLVULA DE BOLA  2 CUERPOS 4""";Equipos;;;Génerico;;;;RF-ANSI 300;;;Activos/Imagenes/Valvulas/Valvulabola.png
Solid3;"BRIDA CIEGA 4""";Accesorios soldados;;;Génerico;;;;"ASTM-A-105-GR-II ,BRIDA CIEGA ANSI 300 x 4""";;;
Solid1_129;"TEE 1/2""";Accesorios soldados;;;Acero;;;;#3000 NPT ASTM A105, SEGÚN ASME B16.11;;;
Solid1_134;"TUBO 4""";Tubería;;;Acero, carbono;;;;SCH. STD. API 5L Gr. B;;;
